{
  "films": [
    {
      "id": 1,
      "category": "Aksiyon",
      "name": "Matrix",
      "year": "1999",
      "director": "Lana Wachowski, Lilly Wachowski",
      "coverImage": "https://encrypted-tbn0.gstatic.com/images?q=tbn:ANd9GcRRvLL9QpFxeMj60n94C91hfJTERSMGb8chaiM_5t2W4r9rm3PqtxNFUkaJnzLFVK99dX0&usqp=CAU"
    },
    {
      "id": 2,
      "category": "Drama",
      "name": "Forrest Gump",
      "year": "1994",
      "director": "Robert Zemeckis",
      "coverImage": "https://cdn.evrimagaci.org/wnzhlNz_PCPPDlp9kOwA4304yOE=/300x0/evrimagaci.org%2Fpublic%2Fmi_media%2F90e5baa039139ca913f1b2b82101e6dd.png"
    },
    {
      "id": 3,
      "category": "Bilim Kurgu",
      "name": "Inception",
      "year": "2010",
      "director": "Christopher Nolan",
      "coverImage": "https://m.media-amazon.com/images/M/MV5BMjAxMzY3NjcxNF5BMl5BanBnXkFtZTcwNTI5OTM0Mw@@._V1_.jpg"
    },
    {
      "id": 4,
      "category": "Komedi",
      "name": "The Grand Budapest Hotel",
      "year": "2014",
      "director": "Wes Anderson",
      "coverImage": "https://m.media-amazon.com/images/M/MV5BMzM5NjUxOTEyMl5BMl5BanBnXkFtZTgwNjEyMDM0MDE@._V1_.jpg"
    },
    {
      "id": 5,
      "category": "Korku",
      "name": "The Shining",
      "year": "1980",
      "director": "Stanley Kubrick",
      "coverImage": "https://flxt.tmsimg.com/assets/p40_p_v10_ap.jpg"
    },
    {
      "id": 6,
      "category": "Aksiyon",
      "name": "The Dark Knight",
      "year": "2008",
      "director": "Christopher Nolan",
      "coverImage": "https://musicart.xboxlive.com/7/abb02f00-0000-0000-0000-000000000002/504/image.jpg?w=1920&h=1080"
    },
    {
      "id": 7,
      "category": "Bilim Kurgu",
      "name": "Blade Runner",
      "year": "1982",
      "director": "Ridley Scott",
      "coverImage": "https://kultfilmler.com/wp-content/uploads/2021/02/Blade-Runner-izle-1.jpg"
    },
    {
      "id": 8,
      "category": "Drama",
      "name": "Schindler's List",
      "year": "1993",
      "director": "Steven Spielberg",
      "coverImage": "https://m.media-amazon.com/images/M/MV5BNDE4OTMxMTctNmRhYy00NWE2LTg3YzItYTk3M2UwOTU5Njg4XkEyXkFqcGdeQXVyNjU0OTQ0OTY@._V1_FMjpg_UX1000_.jpg"
    },
    {
      "id": 9,
      "category": "Komedi",
      "name": "Monty Python and the Holy Grail",
      "year": "1975",
      "director": "Terry Gilliam, Terry Jones",
      "coverImage": "https://flxt.tmsimg.com/assets/p629_p_v8_af.jpg"
    },
    {
      "id": 10,
      "category": "Drama",
      "name": "Pulp Fiction",
      "year": "1994",
      "director": "Quentin Tarantino",
      "coverImage": "https://m.media-amazon.com/images/M/MV5BNGNhMDIzZTUtNTBlZi00MTRlLWFjM2ItYzViMjE3YzI5MjljXkEyXkFqcGdeQXVyNzkwMjQ5NzM@._V1_.jpg"
    }
  ]
}
